retained_data,mean,std
0.5,0.04896284639835358,0.0
0.6,0.04912756383419037,0.0
0.7,0.0504712238907814,0.0
0.8,0.05071695148944855,0.0
0.9,0.050348829478025436,0.0
1.0,0.049249447882175446,0.0
