retained_data,mean,std
0.5,24.001263797157456,0.0
0.6,23.50172609842789,0.0
0.7,22.848968091791882,0.0
0.8,21.81020711802028,0.0
0.9,20.56208381543441,0.0
1.0,18.809912966388374,0.0
